Full Date,Date ID,Day,Month,Year,Quarter,Weekday,Is_Weekend
2016-11-08,1,8,11,2016,4,Tuesday,0
2016-06-12,2,12,6,2016,2,Sunday,1
2015-10-11,3,11,10,2015,4,Sunday,1
2014-06-09,4,9,6,2014,2,Monday,0
2017-04-15,5,15,4,2017,2,Saturday,1
2016-12-05,6,5,12,2016,4,Monday,0
2015-11-22,7,22,11,2015,4,Sunday,1
2014-11-11,8,11,11,2014,4,Tuesday,0
2014-05-13,9,13,5,2014,2,Tuesday,0
2014-08-27,10,27,8,2014,3,Wednesday,0
2016-12-09,11,9,12,2016,4,Friday,0
2017-07-16,12,16,7,2017,3,Sunday,1
2015-09-25,13,25,9,2015,3,Friday,0
2016-01-16,14,16,1,2016,1,Saturday,1
2015-09-17,15,17,9,2015,3,Thursday,0
2017-10-19,16,19,10,2017,4,Thursday,0
2016-12-08,17,8,12,2016,4,Thursday,0
2015-12-27,18,27,12,2015,4,Sunday,1
2017-09-10,19,10,9,2017,3,Sunday,1
2016-07-17,20,17,7,2016,3,Sunday,1
2017-09-19,21,19,9,2017,3,Tuesday,0
2016-03-11,22,11,3,2016,1,Friday,0
2014-10-20,23,20,10,2014,4,Monday,0
2016-06-20,24,20,6,2016,2,Monday,0
2015-04-18,25,18,4,2015,2,Saturday,1
2016-12-11,26,11,12,2016,4,Sunday,1
2016-06-17,27,17,6,2016,2,Friday,0
2015-11-24,28,24,11,2015,4,Tuesday,0
2015-04-30,29,30,4,2015,2,Thursday,0
2014-12-05,30,5,12,2014,4,Friday,0
2016-06-04,31,4,6,2016,2,Saturday,1
2016-09-18,32,18,9,2016,3,Sunday,1
2017-09-14,33,14,9,2017,3,Thursday,0
2015-04-26,34,26,4,2015,2,Sunday,1
2017-12-09,35,9,12,2017,4,Saturday,1
2014-11-26,36,26,11,2014,4,Wednesday,0
2014-10-12,37,12,10,2014,4,Sunday,1
2015-09-03,38,3,9,2015,3,Thursday,0
2017-11-13,39,13,11,2017,4,Monday,0
2017-05-28,40,28,5,2017,2,Sunday,1
2017-10-26,41,26,10,2017,4,Thursday,0
2016-04-05,42,5,4,2016,2,Tuesday,0
2016-09-17,43,17,9,2016,3,Saturday,1
2015-01-31,44,31,1,2015,1,Saturday,1
2017-11-06,45,6,11,2017,4,Monday,0
2017-11-09,46,9,11,2017,4,Thursday,0
2017-06-17,47,17,6,2017,2,Saturday,1
2016-09-06,48,6,9,2016,3,Tuesday,0
2016-08-29,49,29,8,2016,3,Monday,0
2016-12-01,50,1,12,2016,4,Thursday,0
2015-11-13,51,13,11,2015,4,Friday,0
2017-11-23,52,23,11,2017,4,Thursday,0
2015-10-15,53,15,10,2015,4,Thursday,0
2017-12-25,54,25,12,2017,4,Monday,0
2016-11-03,55,3,11,2016,4,Thursday,0
2014-08-25,56,25,8,2014,3,Monday,0
2015-03-02,57,2,3,2015,1,Monday,0
2015-04-05,58,5,4,2015,2,Sunday,1
2014-12-26,59,26,12,2014,4,Friday,0
2014-09-20,60,20,9,2014,3,Saturday,1
2017-11-05,61,5,11,2017,4,Sunday,1
2016-11-06,62,6,11,2016,4,Sunday,1
2017-02-02,63,2,2,2017,1,Thursday,0
2016-10-13,64,13,10,2016,4,Thursday,0
2016-09-05,65,5,9,2016,3,Monday,0
2017-09-18,66,18,9,2017,3,Monday,0
2017-12-22,67,22,12,2017,4,Friday,0
2015-09-07,68,7,9,2015,3,Monday,0
2014-10-22,69,22,10,2014,4,Wednesday,0
2016-03-13,70,13,3,2016,1,Sunday,1
2015-05-31,71,31,5,2015,2,Sunday,1
2015-05-28,72,28,5,2015,2,Thursday,0
2014-03-01,73,1,3,2014,1,Saturday,1
2016-11-20,74,20,11,2016,4,Sunday,1
2016-05-11,75,11,5,2016,2,Wednesday,0
2015-12-28,76,28,12,2015,4,Monday,0
2016-11-16,77,16,11,2016,4,Wednesday,0
2016-11-07,78,7,11,2016,4,Monday,0
2014-09-08,79,8,9,2014,3,Monday,0
2014-08-05,80,5,8,2014,3,Tuesday,0
2014-09-14,81,14,9,2014,3,Sunday,1
2017-04-21,82,21,4,2017,2,Friday,0
2015-11-21,83,21,11,2015,4,Saturday,1
2015-12-15,84,15,12,2015,4,Tuesday,0
2014-11-19,85,19,11,2014,4,Wednesday,0
2016-11-28,86,28,11,2016,4,Monday,0
2014-08-26,87,26,8,2014,3,Tuesday,0
2016-07-16,88,16,7,2016,3,Saturday,1
2015-10-12,89,12,10,2015,4,Monday,0
2015-10-31,90,31,10,2015,4,Saturday,1
2014-03-21,91,21,3,2014,1,Friday,0
2017-07-06,92,6,7,2017,3,Thursday,0
2017-06-24,93,24,6,2017,2,Saturday,1
2014-08-03,94,3,8,2014,3,Sunday,1
2017-12-17,95,17,12,2017,4,Sunday,1
2017-06-03,96,3,6,2017,2,Saturday,1
2017-12-01,97,1,12,2017,4,Friday,0
2015-02-09,98,9,2,2015,1,Monday,0
2015-01-02,99,2,1,2015,1,Friday,0
2016-10-28,100,28,10,2016,4,Friday,0
2015-12-24,101,24,12,2015,4,Thursday,0
2015-08-09,102,9,8,2015,3,Sunday,1
2015-02-28,103,28,2,2015,1,Saturday,1
2014-09-13,104,13,9,2014,3,Saturday,1
2017-04-07,105,7,4,2017,2,Friday,0
2017-11-12,106,12,11,2017,4,Sunday,1
2014-06-01,107,1,6,2014,2,Sunday,1
2016-12-10,108,10,12,2016,4,Saturday,1
2016-09-11,109,11,9,2016,3,Sunday,1
2015-11-28,110,28,11,2015,4,Saturday,1
2017-06-08,111,8,6,2017,2,Thursday,0
2014-09-19,112,19,9,2014,3,Friday,0
2016-06-06,113,6,6,2016,2,Monday,0
2015-11-10,114,10,11,2015,4,Tuesday,0
2017-06-16,115,16,6,2017,2,Friday,0
2016-01-22,116,22,1,2016,1,Friday,0
2017-12-28,117,28,12,2017,4,Thursday,0
2015-07-30,118,30,7,2015,3,Thursday,0
2017-09-16,119,16,9,2017,3,Saturday,1
2017-10-13,120,13,10,2017,4,Friday,0
2015-09-26,121,26,9,2015,3,Saturday,1
2015-11-02,122,2,11,2015,4,Monday,0
2016-12-18,123,18,12,2016,4,Sunday,1
2017-11-19,124,19,11,2017,4,Sunday,1
2015-05-04,125,4,5,2015,2,Monday,0
2014-12-30,126,30,12,2014,4,Tuesday,0
2016-09-12,127,12,9,2016,3,Monday,0
2014-09-27,128,27,9,2014,3,Saturday,1
2014-08-09,129,9,8,2014,3,Saturday,1
2014-12-28,130,28,12,2014,4,Sunday,1
2014-11-04,131,4,11,2014,4,Tuesday,0
2016-04-23,132,23,4,2016,2,Saturday,1
2017-11-03,133,3,11,2017,4,Friday,0
2016-08-30,134,30,8,2016,3,Tuesday,0
2016-04-25,135,25,4,2016,2,Monday,0
2015-09-01,136,1,9,2015,3,Tuesday,0
2014-07-12,137,12,7,2014,3,Saturday,1
2015-06-22,138,22,6,2015,2,Monday,0
2014-04-13,139,13,4,2014,2,Sunday,1
2015-12-20,140,20,12,2015,4,Sunday,1
2017-06-15,141,15,6,2017,2,Thursday,0
2017-07-08,142,8,7,2017,3,Saturday,1
2016-09-01,143,1,9,2016,3,Thursday,0
2016-04-08,144,8,4,2016,2,Friday,0
2017-03-08,145,8,3,2017,1,Wednesday,0
2017-09-25,146,25,9,2017,3,Monday,0
2014-09-24,147,24,9,2014,3,Wednesday,0
2016-10-21,148,21,10,2016,4,Friday,0
2017-05-29,149,29,5,2017,2,Monday,0
2014-07-23,150,23,7,2014,3,Wednesday,0
2016-09-28,151,28,9,2016,3,Wednesday,0
2017-08-27,152,27,8,2017,3,Sunday,1
2015-04-28,153,28,4,2015,2,Tuesday,0
2015-06-26,154,26,6,2015,2,Friday,0
2015-11-27,155,27,11,2015,4,Friday,0
2015-12-03,156,3,12,2015,4,Thursday,0
2014-11-24,157,24,11,2014,4,Monday,0
2017-12-11,158,11,12,2017,4,Monday,0
2014-09-21,159,21,9,2014,3,Sunday,1
2014-06-07,160,7,6,2014,2,Saturday,1
2017-06-30,161,30,6,2017,2,Friday,0
2017-10-17,162,17,10,2017,4,Tuesday,0
2016-09-08,163,8,9,2016,3,Thursday,0
2014-12-24,164,24,12,2014,4,Wednesday,0
2014-04-16,165,16,4,2014,2,Wednesday,0
2017-12-24,166,24,12,2017,4,Sunday,1
2017-12-08,167,8,12,2017,4,Friday,0
2016-04-14,168,14,4,2016,2,Thursday,0
2017-03-04,169,4,3,2017,1,Saturday,1
2014-06-22,170,22,6,2014,2,Sunday,1
2017-08-21,171,21,8,2017,3,Monday,0
2014-09-12,172,12,9,2014,3,Friday,0
2017-10-01,173,1,10,2017,4,Sunday,1
2016-04-15,174,15,4,2016,2,Friday,0
2014-12-19,175,19,12,2014,4,Friday,0
2017-09-15,176,15,9,2017,3,Friday,0
2017-01-20,177,20,1,2017,1,Friday,0
2017-03-20,178,20,3,2017,1,Monday,0
2016-04-01,179,1,4,2016,2,Friday,0
2017-10-20,180,20,10,2017,4,Friday,0
2016-12-13,181,13,12,2016,4,Tuesday,0
2014-02-12,182,12,2,2014,1,Wednesday,0
2016-09-26,183,26,9,2016,3,Monday,0
2016-04-22,184,22,4,2016,2,Friday,0
2015-01-17,185,17,1,2015,1,Saturday,1
2017-03-31,186,31,3,2017,1,Friday,0
2016-12-16,187,16,12,2016,4,Friday,0
2014-11-09,188,9,11,2014,4,Sunday,1
2016-07-12,189,12,7,2016,3,Tuesday,0
2016-10-27,190,27,10,2016,4,Thursday,0
2016-06-26,191,26,6,2016,2,Sunday,1
2014-10-06,192,6,10,2014,4,Monday,0
2014-07-22,193,22,7,2014,3,Tuesday,0
2017-06-10,194,10,6,2017,2,Saturday,1
2014-10-29,195,29,10,2014,4,Wednesday,0
2016-05-09,196,9,5,2016,2,Monday,0
2016-03-18,197,18,3,2016,1,Friday,0
2016-07-25,198,25,7,2016,3,Monday,0
2016-05-30,199,30,5,2016,2,Monday,0
2015-03-16,200,16,3,2015,1,Monday,0
2017-11-26,201,26,11,2017,4,Sunday,1
2016-10-20,202,20,10,2016,4,Thursday,0
2017-12-21,203,21,12,2017,4,Thursday,0
2017-01-22,204,22,1,2017,1,Sunday,1
2015-03-22,205,22,3,2015,1,Sunday,1
2017-01-23,206,23,1,2017,1,Monday,0
2016-05-21,207,21,5,2016,2,Saturday,1
2015-12-26,208,26,12,2015,4,Saturday,1
2017-10-21,209,21,10,2017,4,Saturday,1
2015-11-07,210,7,11,2015,4,Saturday,1
2017-09-07,211,7,9,2017,3,Thursday,0
2016-05-29,212,29,5,2016,2,Sunday,1
2016-07-10,213,10,7,2016,3,Sunday,1
2017-09-03,214,3,9,2017,3,Sunday,1
2015-12-07,215,7,12,2015,4,Monday,0
2014-02-01,216,1,2,2014,1,Saturday,1
2016-07-14,217,14,7,2016,3,Thursday,0
2015-12-18,218,18,12,2015,4,Friday,0
2014-05-11,219,11,5,2014,2,Sunday,1
2015-11-15,220,15,11,2015,4,Sunday,1
2017-09-11,221,11,9,2017,3,Monday,0
2017-11-24,222,24,11,2017,4,Friday,0
2017-06-29,223,29,6,2017,2,Thursday,0
2014-03-03,224,3,3,2014,1,Monday,0
2016-06-10,225,10,6,2016,2,Friday,0
2017-11-20,226,20,11,2017,4,Monday,0
2017-12-07,227,7,12,2017,4,Thursday,0
2015-09-18,228,18,9,2015,3,Friday,0
2017-07-20,229,20,7,2017,3,Thursday,0
2015-09-10,230,10,9,2015,3,Thursday,0
2015-07-03,231,3,7,2015,3,Friday,0
2016-03-20,232,20,3,2016,1,Sunday,1
2014-01-09,233,9,1,2014,1,Thursday,0
2014-08-08,234,8,8,2014,3,Friday,0
2014-03-15,235,15,3,2014,1,Saturday,1
2014-05-23,236,23,5,2014,2,Friday,0
2016-04-28,237,28,4,2016,2,Thursday,0
2017-11-14,238,14,11,2017,4,Tuesday,0
2017-08-18,239,18,8,2017,3,Friday,0
2015-11-29,240,29,11,2015,4,Sunday,1
2017-05-19,241,19,5,2017,2,Friday,0
2017-09-24,242,24,9,2017,3,Sunday,1
2015-10-04,243,4,10,2015,4,Sunday,1
2016-08-15,244,15,8,2016,3,Monday,0
2016-05-20,245,20,5,2016,2,Friday,0
2017-07-30,246,30,7,2017,3,Sunday,1
2017-07-21,247,21,7,2017,3,Friday,0
2017-12-30,248,30,12,2017,4,Saturday,1
2016-10-23,249,23,10,2016,4,Sunday,1
2017-06-19,250,19,6,2017,2,Monday,0
2016-08-22,251,22,8,2016,3,Monday,0
2016-09-19,252,19,9,2016,3,Monday,0
2015-08-24,253,24,8,2015,3,Monday,0
2016-03-26,254,26,3,2016,1,Saturday,1
2016-11-04,255,4,11,2016,4,Friday,0
2017-06-09,256,9,6,2017,2,Friday,0
2017-12-05,257,5,12,2017,4,Tuesday,0
2017-03-18,258,18,3,2017,1,Saturday,1
2016-11-19,259,19,11,2016,4,Saturday,1
2017-11-04,260,4,11,2017,4,Saturday,1
2014-07-05,261,5,7,2014,3,Saturday,1
2014-06-21,262,21,6,2014,2,Saturday,1
2015-03-28,263,28,3,2015,1,Saturday,1
2015-05-14,264,14,5,2015,2,Thursday,0
2017-09-02,265,2,9,2017,3,Saturday,1
2015-04-09,266,9,4,2015,2,Thursday,0
2014-12-02,267,2,12,2014,4,Tuesday,0
2014-04-05,268,5,4,2014,2,Saturday,1
2014-07-01,269,1,7,2014,3,Tuesday,0
2014-01-11,270,11,1,2014,1,Saturday,1
2014-06-02,271,2,6,2014,2,Monday,0
2016-02-13,272,13,2,2016,1,Saturday,1
2016-12-15,273,15,12,2016,4,Thursday,0
2014-10-07,274,7,10,2014,4,Tuesday,0
2016-07-07,275,7,7,2016,3,Thursday,0
2016-12-03,276,3,12,2016,4,Saturday,1
2017-01-21,277,21,1,2017,1,Saturday,1
2014-01-04,278,4,1,2014,1,Saturday,1
2016-08-27,279,27,8,2016,3,Saturday,1
2014-05-27,280,27,5,2014,2,Tuesday,0
2017-10-02,281,2,10,2017,4,Monday,0
2016-04-07,282,7,4,2016,2,Thursday,0
2014-12-29,283,29,12,2014,4,Monday,0
2017-07-23,284,23,7,2017,3,Sunday,1
2015-08-31,285,31,8,2015,3,Monday,0
2015-02-08,286,8,2,2015,1,Sunday,1
2014-01-13,287,13,1,2014,1,Monday,0
2014-05-14,288,14,5,2014,2,Wednesday,0
2016-05-19,289,19,5,2016,2,Thursday,0
2017-01-30,290,30,1,2017,1,Monday,0
2014-06-29,291,29,6,2014,2,Sunday,1
2015-08-21,292,21,8,2015,3,Friday,0
2015-10-03,293,3,10,2015,4,Saturday,1
2015-05-23,294,23,5,2015,2,Saturday,1
2017-03-17,295,17,3,2017,1,Friday,0
2015-12-12,296,12,12,2015,4,Saturday,1
2017-09-21,297,21,9,2017,3,Thursday,0
2017-02-20,298,20,2,2017,1,Monday,0
2016-08-18,299,18,8,2016,3,Thursday,0
2016-03-12,300,12,3,2016,1,Saturday,1
2017-04-22,301,22,4,2017,2,Saturday,1
2014-11-01,302,1,11,2014,4,Saturday,1
2015-02-03,303,3,2,2015,1,Tuesday,0
2014-10-13,304,13,10,2014,4,Monday,0
2017-05-14,305,14,5,2017,2,Sunday,1
2015-03-20,306,20,3,2015,1,Friday,0
2016-09-15,307,15,9,2016,3,Thursday,0
2014-06-28,308,28,6,2014,2,Saturday,1
2017-06-20,309,20,6,2017,2,Tuesday,0
2014-05-09,310,9,5,2014,2,Friday,0
2016-07-23,311,23,7,2016,3,Saturday,1
2016-03-07,312,7,3,2016,1,Monday,0
2015-11-20,313,20,11,2015,4,Friday,0
2015-10-13,314,13,10,2015,4,Tuesday,0
2017-01-01,315,1,1,2017,1,Sunday,1
2014-02-07,316,7,2,2014,1,Friday,0
2016-05-28,317,28,5,2016,2,Saturday,1
2016-02-19,318,19,2,2016,1,Friday,0
2017-04-10,319,10,4,2017,2,Monday,0
2016-01-05,320,5,1,2016,1,Tuesday,0
2014-01-10,321,10,1,2014,1,Friday,0
2016-09-29,322,29,9,2016,3,Thursday,0
2014-04-06,323,6,4,2014,2,Sunday,1
2016-09-03,324,3,9,2016,3,Saturday,1
2015-10-19,325,19,10,2015,4,Monday,0
2014-12-10,326,10,12,2014,4,Wednesday,0
2017-08-25,327,25,8,2017,3,Friday,0
2016-01-17,328,17,1,2016,1,Sunday,1
2014-09-17,329,17,9,2014,3,Wednesday,0
2017-11-30,330,30,11,2017,4,Thursday,0
2015-10-09,331,9,10,2015,4,Friday,0
2017-12-23,332,23,12,2017,4,Saturday,1
2016-10-22,333,22,10,2016,4,Saturday,1
2014-04-29,334,29,4,2014,2,Tuesday,0
2015-04-25,335,25,4,2015,2,Saturday,1
2017-06-26,336,26,6,2017,2,Monday,0
2017-10-14,337,14,10,2017,4,Saturday,1
2014-12-09,338,9,12,2014,4,Tuesday,0
2016-11-10,339,10,11,2016,4,Thursday,0
2016-10-03,340,3,10,2016,4,Monday,0
2014-09-09,341,9,9,2014,3,Tuesday,0
2017-10-29,342,29,10,2017,4,Sunday,1
2016-04-10,343,10,4,2016,2,Sunday,1
2017-11-11,344,11,11,2017,4,Saturday,1
2017-11-27,345,27,11,2017,4,Monday,0
2014-06-15,346,15,6,2014,2,Sunday,1
2016-03-05,347,5,3,2016,1,Saturday,1
2015-04-11,348,11,4,2015,2,Saturday,1
2015-10-05,349,5,10,2015,4,Monday,0
2017-04-14,350,14,4,2017,2,Friday,0
2015-12-13,351,13,12,2015,4,Sunday,1
2016-06-19,352,19,6,2016,2,Sunday,1
2015-05-29,353,29,5,2015,2,Friday,0
2015-07-26,354,26,7,2015,3,Sunday,1
2017-11-28,355,28,11,2017,4,Tuesday,0
2017-04-03,356,3,4,2017,2,Monday,0
2017-05-15,357,15,5,2017,2,Monday,0
2015-09-22,358,22,9,2015,3,Tuesday,0
2014-09-22,359,22,9,2014,3,Monday,0
2017-04-09,360,9,4,2017,2,Sunday,1
2014-01-16,361,16,1,2014,1,Thursday,0
2017-10-05,362,5,10,2017,4,Thursday,0
2017-07-09,363,9,7,2017,3,Sunday,1
2017-01-07,364,7,1,2017,1,Saturday,1
2015-12-09,365,9,12,2015,4,Wednesday,0
2017-09-29,366,29,9,2017,3,Friday,0
2015-03-10,367,10,3,2015,1,Tuesday,0
2017-05-21,368,21,5,2017,2,Sunday,1
2015-03-29,369,29,3,2015,1,Sunday,1
2016-09-09,370,9,9,2016,3,Friday,0
2016-08-26,371,26,8,2016,3,Friday,0
2014-05-21,372,21,5,2014,2,Wednesday,0
2015-10-28,373,28,10,2015,4,Wednesday,0
2016-11-13,374,13,11,2016,4,Sunday,1
2015-07-31,375,31,7,2015,3,Friday,0
2015-08-27,376,27,8,2015,3,Thursday,0
2015-11-06,377,6,11,2015,4,Friday,0
2017-12-26,378,26,12,2017,4,Tuesday,0
2017-08-01,379,1,8,2017,3,Tuesday,0
2015-12-21,380,21,12,2015,4,Monday,0
2015-07-06,381,6,7,2015,3,Monday,0
2015-04-27,382,27,4,2015,2,Monday,0
2015-06-16,383,16,6,2015,2,Tuesday,0
2016-01-11,384,11,1,2016,1,Monday,0
2014-07-11,385,11,7,2014,3,Friday,0
2015-06-13,386,13,6,2015,2,Saturday,1
2017-10-12,387,12,10,2017,4,Thursday,0
2016-03-08,388,8,3,2016,1,Tuesday,0
2015-04-04,389,4,4,2015,2,Saturday,1
2017-12-10,390,10,12,2017,4,Sunday,1
2016-11-24,391,24,11,2016,4,Thursday,0
2015-03-23,392,23,3,2015,1,Monday,0
2015-04-16,393,16,4,2015,2,Thursday,0
2016-10-01,394,1,10,2016,4,Saturday,1
2017-09-28,395,28,9,2017,3,Thursday,0
2015-07-25,396,25,7,2015,3,Saturday,1
2016-11-12,397,12,11,2016,4,Saturday,1
2017-09-23,398,23,9,2017,3,Saturday,1
2016-03-01,399,1,3,2016,1,Tuesday,0
2016-08-12,400,12,8,2016,3,Friday,0
2017-06-04,401,4,6,2017,2,Sunday,1
2015-12-06,402,6,12,2015,4,Sunday,1
2014-06-25,403,25,6,2014,2,Wednesday,0
2016-06-14,404,14,6,2016,2,Tuesday,0
2017-12-18,405,18,12,2017,4,Monday,0
2016-07-22,406,22,7,2016,3,Friday,0
2015-09-04,407,4,9,2015,3,Friday,0
2014-01-20,408,20,1,2014,1,Monday,0
2016-04-12,409,12,4,2016,2,Tuesday,0
2016-12-06,410,6,12,2016,4,Tuesday,0
2016-06-05,411,5,6,2016,2,Sunday,1
2014-09-29,412,29,9,2014,3,Monday,0
2015-05-08,413,8,5,2015,2,Friday,0
2016-12-31,414,31,12,2016,4,Saturday,1
2014-12-20,415,20,12,2014,4,Saturday,1
2016-07-02,416,2,7,2016,3,Saturday,1
2014-09-01,417,1,9,2014,3,Monday,0
2014-05-04,418,4,5,2014,2,Sunday,1
2014-03-10,419,10,3,2014,1,Monday,0
2014-04-21,420,21,4,2014,2,Monday,0
2015-10-22,421,22,10,2015,4,Thursday,0
2015-08-22,422,22,8,2015,3,Saturday,1
2014-12-27,423,27,12,2014,4,Saturday,1
2016-04-24,424,24,4,2016,2,Sunday,1
2017-01-14,425,14,1,2017,1,Saturday,1
2017-02-26,426,26,2,2017,1,Sunday,1
2015-09-15,427,15,9,2015,3,Tuesday,0
2016-07-18,428,18,7,2016,3,Monday,0
2017-09-09,429,9,9,2017,3,Saturday,1
2016-12-04,430,4,12,2016,4,Sunday,1
2014-08-11,431,11,8,2014,3,Monday,0
2016-02-15,432,15,2,2016,1,Monday,0
2014-12-12,433,12,12,2014,4,Friday,0
2015-07-04,434,4,7,2015,3,Saturday,1
2017-03-10,435,10,3,2017,1,Friday,0
2016-12-24,436,24,12,2016,4,Saturday,1
2017-10-23,437,23,10,2017,4,Monday,0
2017-07-07,438,7,7,2017,3,Friday,0
2016-04-21,439,21,4,2016,2,Thursday,0
2016-05-26,440,26,5,2016,2,Thursday,0
2016-05-02,441,2,5,2016,2,Monday,0
2016-11-22,442,22,11,2016,4,Tuesday,0
2015-05-25,443,25,5,2015,2,Monday,0
2016-12-23,444,23,12,2016,4,Friday,0
2015-09-19,445,19,9,2015,3,Saturday,1
2017-07-03,446,3,7,2017,3,Monday,0
2016-09-24,447,24,9,2016,3,Saturday,1
2017-02-03,448,3,2,2017,1,Friday,0
2017-03-03,449,3,3,2017,1,Friday,0
2017-10-09,450,9,10,2017,4,Monday,0
2014-09-28,451,28,9,2014,3,Sunday,1
2015-06-14,452,14,6,2015,2,Sunday,1
2016-03-30,453,30,3,2016,1,Wednesday,0
2017-10-15,454,15,10,2017,4,Sunday,1
2016-05-23,455,23,5,2016,2,Monday,0
2017-06-02,456,2,6,2017,2,Friday,0
2014-02-16,457,16,2,2014,1,Sunday,1
2014-05-06,458,6,5,2014,2,Tuesday,0
2016-05-16,459,16,5,2016,2,Monday,0
2017-04-02,460,2,4,2017,2,Sunday,1
2017-01-02,461,2,1,2017,1,Monday,0
2014-03-17,462,17,3,2014,1,Monday,0
2014-10-03,463,3,10,2014,4,Friday,0
2016-03-28,464,28,3,2016,1,Monday,0
2017-05-04,465,4,5,2017,2,Thursday,0
2016-05-05,466,5,5,2016,2,Thursday,0
2017-04-26,467,26,4,2017,2,Wednesday,0
2014-09-26,468,26,9,2014,3,Friday,0
2017-11-10,469,10,11,2017,4,Friday,0
2017-03-07,470,7,3,2017,1,Tuesday,0
2014-04-01,471,1,4,2014,2,Tuesday,0
2015-09-14,472,14,9,2015,3,Monday,0
2014-08-04,473,4,8,2014,3,Monday,0
2016-02-05,474,5,2,2016,1,Friday,0
2016-11-01,475,1,11,2016,4,Tuesday,0
2016-04-19,476,19,4,2016,2,Tuesday,0
2016-09-02,477,2,9,2016,3,Friday,0
2016-09-25,478,25,9,2016,3,Sunday,1
2016-07-09,479,9,7,2016,3,Saturday,1
2014-06-30,480,30,6,2014,2,Monday,0
2017-01-28,481,28,1,2017,1,Saturday,1
2015-09-21,482,21,9,2015,3,Monday,0
2016-12-26,483,26,12,2016,4,Monday,0
2017-04-12,484,12,4,2017,2,Wednesday,0
2017-12-19,485,19,12,2017,4,Tuesday,0
2017-08-05,486,5,8,2017,3,Saturday,1
2015-10-01,487,1,10,2015,4,Thursday,0
2017-06-13,488,13,6,2017,2,Tuesday,0
2014-04-23,489,23,4,2014,2,Wednesday,0
2015-05-01,490,1,5,2015,2,Friday,0
2015-07-19,491,19,7,2015,3,Sunday,1
2016-11-26,492,26,11,2016,4,Saturday,1
2017-06-12,493,12,6,2017,2,Monday,0
2015-08-17,494,17,8,2015,3,Monday,0
2015-12-01,495,1,12,2015,4,Tuesday,0
2015-05-16,496,16,5,2015,2,Saturday,1
2015-09-24,497,24,9,2015,3,Thursday,0
2017-07-11,498,11,7,2017,3,Tuesday,0
2017-03-19,499,19,3,2017,1,Sunday,1
2016-12-02,500,2,12,2016,4,Friday,0
2016-10-14,501,14,10,2016,4,Friday,0
2014-11-27,502,27,11,2014,4,Thursday,0
2015-11-03,503,3,11,2015,4,Tuesday,0
2014-11-29,504,29,11,2014,4,Saturday,1
2017-04-30,505,30,4,2017,2,Sunday,1
2017-10-30,506,30,10,2017,4,Monday,0
2014-12-17,507,17,12,2014,4,Wednesday,0
2017-09-04,508,4,9,2017,3,Monday,0
2016-10-17,509,17,10,2016,4,Monday,0
2015-08-01,510,1,8,2015,3,Saturday,1
2017-09-12,511,12,9,2017,3,Tuesday,0
2014-02-03,512,3,2,2014,1,Monday,0
2017-02-11,513,11,2,2017,1,Saturday,1
2017-04-16,514,16,4,2017,2,Sunday,1
2015-03-26,515,26,3,2015,1,Thursday,0
2017-08-31,516,31,8,2017,3,Thursday,0
2017-02-10,517,10,2,2017,1,Friday,0
2016-10-29,518,29,10,2016,4,Saturday,1
2014-03-11,519,11,3,2014,1,Tuesday,0
2014-02-04,520,4,2,2014,1,Tuesday,0
2014-12-31,521,31,12,2014,4,Wednesday,0
2015-11-23,522,23,11,2015,4,Monday,0
2014-07-06,523,6,7,2014,3,Sunday,1
2014-05-03,524,3,5,2014,2,Saturday,1
2017-10-16,525,16,10,2017,4,Monday,0
2015-02-06,526,6,2,2015,1,Friday,0
2016-04-09,527,9,4,2016,2,Saturday,1
2014-04-04,528,4,4,2014,2,Friday,0
2017-09-05,529,5,9,2017,3,Tuesday,0
2015-11-09,530,9,11,2015,4,Monday,0
2014-03-04,531,4,3,2014,1,Tuesday,0
2015-03-19,532,19,3,2015,1,Thursday,0
2017-06-11,533,11,6,2017,2,Sunday,1
2014-11-23,534,23,11,2014,4,Sunday,1
2014-12-15,535,15,12,2014,4,Monday,0
2016-02-27,536,27,2,2016,1,Saturday,1
2016-05-12,537,12,5,2016,2,Thursday,0
2015-06-23,538,23,6,2015,2,Tuesday,0
2014-10-19,539,19,10,2014,4,Sunday,1
2015-03-24,540,24,3,2015,1,Tuesday,0
2017-05-08,541,8,5,2017,2,Monday,0
2016-05-08,542,8,5,2016,2,Sunday,1
2014-05-26,543,26,5,2014,2,Monday,0
2016-03-15,544,15,3,2016,1,Tuesday,0
2015-08-10,545,10,8,2015,3,Monday,0
2016-09-10,546,10,9,2016,3,Saturday,1
2015-12-19,547,19,12,2015,4,Saturday,1
2015-11-16,548,16,11,2015,4,Monday,0
2017-06-21,549,21,6,2017,2,Wednesday,0
2015-11-01,550,1,11,2015,4,Sunday,1
2014-08-29,551,29,8,2014,3,Friday,0
2017-11-18,552,18,11,2017,4,Saturday,1
2014-05-12,553,12,5,2014,2,Monday,0
2015-01-10,554,10,1,2015,1,Saturday,1
2016-03-22,555,22,3,2016,1,Tuesday,0
2015-12-11,556,11,12,2015,4,Friday,0
2016-05-18,557,18,5,2016,2,Wednesday,0
2014-09-07,558,7,9,2014,3,Sunday,1
2017-04-24,559,24,4,2017,2,Monday,0
2014-08-16,560,16,8,2014,3,Saturday,1
2016-03-14,561,14,3,2016,1,Monday,0
2014-06-03,562,3,6,2014,2,Tuesday,0
2015-07-13,563,13,7,2015,3,Monday,0
2014-02-02,564,2,2,2014,1,Sunday,1
2015-01-30,565,30,1,2015,1,Friday,0
2017-09-08,566,8,9,2017,3,Friday,0
2017-10-07,567,7,10,2017,4,Saturday,1
2016-04-30,568,30,4,2016,2,Saturday,1
2017-04-29,569,29,4,2017,2,Saturday,1
2016-02-07,570,7,2,2016,1,Sunday,1
2017-07-29,571,29,7,2017,3,Saturday,1
2014-06-06,572,6,6,2014,2,Friday,0
2016-08-13,573,13,8,2016,3,Saturday,1
2014-04-25,574,25,4,2014,2,Friday,0
2017-12-02,575,2,12,2017,4,Saturday,1
2015-12-08,576,8,12,2015,4,Tuesday,0
2014-01-05,577,5,1,2014,1,Sunday,1
2015-09-05,578,5,9,2015,3,Saturday,1
2016-08-04,579,4,8,2016,3,Thursday,0
2014-03-22,580,22,3,2014,1,Saturday,1
2017-03-02,581,2,3,2017,1,Thursday,0
2016-11-27,582,27,11,2016,4,Sunday,1
2014-04-28,583,28,4,2014,2,Monday,0
2016-11-11,584,11,11,2016,4,Friday,0
2015-07-09,585,9,7,2015,3,Thursday,0
2017-09-22,586,22,9,2017,3,Friday,0
2015-02-15,587,15,2,2015,1,Sunday,1
2014-09-30,588,30,9,2014,3,Tuesday,0
2014-12-01,589,1,12,2014,4,Monday,0
2014-12-08,590,8,12,2014,4,Monday,0
2016-08-08,591,8,8,2016,3,Monday,0
2016-12-25,592,25,12,2016,4,Sunday,1
2016-02-11,593,11,2,2016,1,Thursday,0
2015-06-04,594,4,6,2015,2,Thursday,0
2014-05-25,595,25,5,2014,2,Sunday,1
2016-02-16,596,16,2,2016,1,Tuesday,0
2016-12-22,597,22,12,2016,4,Thursday,0
2016-02-08,598,8,2,2016,1,Monday,0
2014-05-18,599,18,5,2014,2,Sunday,1
2015-11-05,600,5,11,2015,4,Thursday,0
2017-02-19,601,19,2,2017,1,Sunday,1
2014-08-01,602,1,8,2014,3,Friday,0
2017-01-12,603,12,1,2017,1,Thursday,0
2015-07-20,604,20,7,2015,3,Monday,0
2014-06-13,605,13,6,2014,2,Friday,0
2017-05-12,606,12,5,2017,2,Friday,0
2017-03-26,607,26,3,2017,1,Sunday,1
2014-11-12,608,12,11,2014,4,Wednesday,0
2015-06-25,609,25,6,2015,2,Thursday,0
2014-07-21,610,21,7,2014,3,Monday,0
2017-11-21,611,21,11,2017,4,Tuesday,0
2014-06-04,612,4,6,2014,2,Wednesday,0
2016-03-10,613,10,3,2016,1,Thursday,0
2017-03-25,614,25,3,2017,1,Saturday,1
2017-12-29,615,29,12,2017,4,Friday,0
2017-03-28,616,28,3,2017,1,Tuesday,0
2015-03-05,617,5,3,2015,1,Thursday,0
2017-01-19,618,19,1,2017,1,Thursday,0
2014-10-21,619,21,10,2014,4,Tuesday,0
2014-03-14,620,14,3,2014,1,Friday,0
2015-12-31,621,31,12,2015,4,Thursday,0
2017-10-03,622,3,10,2017,4,Tuesday,0
2016-06-29,623,29,6,2016,2,Wednesday,0
2016-08-20,624,20,8,2016,3,Saturday,1
2016-05-17,625,17,5,2016,2,Tuesday,0
2016-11-15,626,15,11,2016,4,Tuesday,0
2014-01-15,627,15,1,2014,1,Wednesday,0
2015-11-08,628,8,11,2015,4,Sunday,1
2015-10-30,629,30,10,2015,4,Friday,0
2017-08-17,630,17,8,2017,3,Thursday,0
2016-07-08,631,8,7,2016,3,Friday,0
2017-03-09,632,9,3,2017,1,Thursday,0
2016-06-09,633,9,6,2016,2,Thursday,0
2017-03-16,634,16,3,2017,1,Thursday,0
2017-08-06,635,6,8,2017,3,Sunday,1
2017-08-29,636,29,8,2017,3,Tuesday,0
2017-05-06,637,6,5,2017,2,Saturday,1
2014-12-14,638,14,12,2014,4,Sunday,1
2014-10-18,639,18,10,2014,4,Saturday,1
2015-12-14,640,14,12,2015,4,Monday,0
2014-12-03,641,3,12,2014,4,Wednesday,0
2014-11-25,642,25,11,2014,4,Tuesday,0
2017-02-24,643,24,2,2017,1,Friday,0
2017-06-25,644,25,6,2017,2,Sunday,1
2014-02-06,645,6,2,2014,1,Thursday,0
2017-04-11,646,11,4,2017,2,Tuesday,0
2017-08-03,647,3,8,2017,3,Thursday,0
2014-11-15,648,15,11,2014,4,Saturday,1
2017-08-20,649,20,8,2017,3,Sunday,1
2015-03-13,650,13,3,2015,1,Friday,0
2015-11-26,651,26,11,2015,4,Thursday,0
2015-01-23,652,23,1,2015,1,Friday,0
2015-06-18,653,18,6,2015,2,Thursday,0
2015-10-02,654,2,10,2015,4,Friday,0
2014-08-17,655,17,8,2014,3,Sunday,1
2015-07-11,656,11,7,2015,3,Saturday,1
2014-10-31,657,31,10,2014,4,Friday,0
2015-04-13,658,13,4,2015,2,Monday,0
2016-07-21,659,21,7,2016,3,Thursday,0
2017-11-07,660,7,11,2017,4,Tuesday,0
2017-02-23,661,23,2,2017,1,Thursday,0
2016-06-23,662,23,6,2016,2,Thursday,0
2015-10-26,663,26,10,2015,4,Monday,0
2017-07-15,664,15,7,2017,3,Saturday,1
2014-11-17,665,17,11,2014,4,Monday,0
2015-11-25,666,25,11,2015,4,Wednesday,0
2016-05-15,667,15,5,2016,2,Sunday,1
2014-07-18,668,18,7,2014,3,Friday,0
2017-03-24,669,24,3,2017,1,Friday,0
2017-04-13,670,13,4,2017,2,Thursday,0
2014-06-23,671,23,6,2014,2,Monday,0
2014-05-20,672,20,5,2014,2,Tuesday,0
2015-11-30,673,30,11,2015,4,Monday,0
2017-11-16,674,16,11,2017,4,Thursday,0
2016-06-25,675,25,6,2016,2,Saturday,1
2016-05-14,676,14,5,2016,2,Saturday,1
2016-01-07,677,7,1,2016,1,Thursday,0
2017-03-13,678,13,3,2017,1,Monday,0
2017-01-27,679,27,1,2017,1,Friday,0
2016-07-30,680,30,7,2016,3,Saturday,1
2016-10-15,681,15,10,2016,4,Saturday,1
2016-05-07,682,7,5,2016,2,Saturday,1
2017-08-10,683,10,8,2017,3,Thursday,0
2014-11-28,684,28,11,2014,4,Friday,0
2015-09-06,685,6,9,2015,3,Sunday,1
2015-06-29,686,29,6,2015,2,Monday,0
2014-07-14,687,14,7,2014,3,Monday,0
2014-11-14,688,14,11,2014,4,Friday,0
2017-07-28,689,28,7,2017,3,Friday,0
2017-07-31,690,31,7,2017,3,Monday,0
2016-03-19,691,19,3,2016,1,Saturday,1
2014-03-31,692,31,3,2014,1,Monday,0
2016-07-15,693,15,7,2016,3,Friday,0
2017-04-20,694,20,4,2017,2,Thursday,0
2015-09-28,695,28,9,2015,3,Monday,0
2017-02-06,696,6,2,2017,1,Monday,0
2016-11-14,697,14,11,2016,4,Monday,0
2017-09-17,698,17,9,2017,3,Sunday,1
2017-12-20,699,20,12,2017,4,Wednesday,0
2015-03-06,700,6,3,2015,1,Friday,0
2014-06-27,701,27,6,2014,2,Friday,0
2017-11-17,702,17,11,2017,4,Friday,0
2017-06-01,703,1,6,2017,2,Thursday,0
2017-01-08,704,8,1,2017,1,Sunday,1
2015-04-20,705,20,4,2015,2,Monday,0
2015-08-06,706,6,8,2015,3,Thursday,0
2015-12-23,707,23,12,2015,4,Wednesday,0
2015-12-25,708,25,12,2015,4,Friday,0
2017-03-21,709,21,3,2017,1,Tuesday,0
2014-08-23,710,23,8,2014,3,Saturday,1
2014-08-19,711,19,8,2014,3,Tuesday,0
2014-07-26,712,26,7,2014,3,Saturday,1
2016-02-22,713,22,2,2016,1,Monday,0
2016-09-23,714,23,9,2016,3,Friday,0
2017-01-24,715,24,1,2017,1,Tuesday,0
2016-05-06,716,6,5,2016,2,Friday,0
2016-03-17,717,17,3,2016,1,Thursday,0
2015-11-14,718,14,11,2015,4,Saturday,1
2017-08-14,719,14,8,2017,3,Monday,0
2017-04-01,720,1,4,2017,2,Saturday,1
2016-09-27,721,27,9,2016,3,Tuesday,0
2017-03-23,722,23,3,2017,1,Thursday,0
2015-06-07,723,7,6,2015,2,Sunday,1
2016-12-29,724,29,12,2016,4,Thursday,0
2016-04-18,725,18,4,2016,2,Monday,0
2016-06-11,726,11,6,2016,2,Saturday,1
2017-05-13,727,13,5,2017,2,Saturday,1
2014-03-25,728,25,3,2014,1,Tuesday,0
2014-11-18,729,18,11,2014,4,Tuesday,0
2017-07-17,730,17,7,2017,3,Monday,0
2016-05-22,731,22,5,2016,2,Sunday,1
2016-10-31,732,31,10,2016,4,Monday,0
2016-11-05,733,5,11,2016,4,Saturday,1
2017-08-15,734,15,8,2017,3,Tuesday,0
2017-12-03,735,3,12,2017,4,Sunday,1
2017-08-28,736,28,8,2017,3,Monday,0
2014-12-13,737,13,12,2014,4,Saturday,1
2014-06-16,738,16,6,2014,2,Monday,0
2017-06-22,739,22,6,2017,2,Thursday,0
2014-07-25,740,25,7,2014,3,Friday,0
2015-07-02,741,2,7,2015,3,Thursday,0
2016-11-18,742,18,11,2016,4,Friday,0
2014-09-05,743,5,9,2014,3,Friday,0
2017-05-02,744,2,5,2017,2,Tuesday,0
2015-04-06,745,6,4,2015,2,Monday,0
2014-10-24,746,24,10,2014,4,Friday,0
2015-01-27,747,27,1,2015,1,Tuesday,0
2015-07-16,748,16,7,2015,3,Thursday,0
2015-08-16,749,16,8,2015,3,Sunday,1
2016-09-14,750,14,9,2016,3,Wednesday,0
2016-10-08,751,8,10,2016,4,Saturday,1
2015-03-17,752,17,3,2015,1,Tuesday,0
2017-11-01,753,1,11,2017,4,Wednesday,0
2017-12-27,754,27,12,2017,4,Wednesday,0
2014-11-22,755,22,11,2014,4,Saturday,1
2014-01-26,756,26,1,2014,1,Sunday,1
2017-04-23,757,23,4,2017,2,Sunday,1
2014-12-16,758,16,12,2014,4,Tuesday,0
2016-03-04,759,4,3,2016,1,Friday,0
2014-04-26,760,26,4,2014,2,Saturday,1
2017-10-22,761,22,10,2017,4,Sunday,1
2015-07-05,762,5,7,2015,3,Sunday,1
2015-08-15,763,15,8,2015,3,Saturday,1
2015-02-20,764,20,2,2015,1,Friday,0
2016-04-17,765,17,4,2016,2,Sunday,1
2016-08-16,766,16,8,2016,3,Tuesday,0
2016-05-01,767,1,5,2016,2,Sunday,1
2015-08-25,768,25,8,2015,3,Tuesday,0
2015-11-12,769,12,11,2015,4,Thursday,0
2017-12-04,770,4,12,2017,4,Monday,0
2016-08-28,771,28,8,2016,3,Sunday,1
2014-10-15,772,15,10,2014,4,Wednesday,0
2014-03-18,773,18,3,2014,1,Tuesday,0
2014-05-24,774,24,5,2014,2,Saturday,1
2014-12-04,775,4,12,2014,4,Thursday,0
2017-08-26,776,26,8,2017,3,Saturday,1
2014-12-06,777,6,12,2014,4,Saturday,1
2014-10-04,778,4,10,2014,4,Saturday,1
2017-02-13,779,13,2,2017,1,Monday,0
2014-07-02,780,2,7,2014,3,Wednesday,0
2015-02-21,781,21,2,2015,1,Saturday,1
2016-02-25,782,25,2,2016,1,Thursday,0
2015-06-20,783,20,6,2015,2,Saturday,1
2017-08-07,784,7,8,2017,3,Monday,0
2015-12-04,785,4,12,2015,4,Friday,0
2014-06-08,786,8,6,2014,2,Sunday,1
2015-04-17,787,17,4,2015,2,Friday,0
2017-01-15,788,15,1,2017,1,Sunday,1
2015-04-02,789,2,4,2015,2,Thursday,0
2015-07-17,790,17,7,2015,3,Friday,0
2016-10-09,791,9,10,2016,4,Sunday,1
2014-04-12,792,12,4,2014,2,Saturday,1
2016-10-25,793,25,10,2016,4,Tuesday,0
2015-05-12,794,12,5,2015,2,Tuesday,0
2014-09-25,795,25,9,2014,3,Thursday,0
2017-01-26,796,26,1,2017,1,Thursday,0
2017-05-18,797,18,5,2017,2,Thursday,0
2016-12-27,798,27,12,2016,4,Tuesday,0
2017-04-08,799,8,4,2017,2,Saturday,1
2016-06-02,800,2,6,2016,2,Thursday,0
2017-07-25,801,25,7,2017,3,Tuesday,0
2017-08-12,802,12,8,2017,3,Saturday,1
2017-08-13,803,13,8,2017,3,Sunday,1
2016-01-21,804,21,1,2016,1,Thursday,0
2016-01-15,805,15,1,2016,1,Friday,0
2014-02-21,806,21,2,2014,1,Friday,0
2016-01-30,807,30,1,2016,1,Saturday,1
2016-10-18,808,18,10,2016,4,Tuesday,0
2017-11-02,809,2,11,2017,4,Thursday,0
2014-03-30,810,30,3,2014,1,Sunday,1
2016-01-04,811,4,1,2016,1,Monday,0
2015-09-12,812,12,9,2015,3,Saturday,1
2016-06-27,813,27,6,2016,2,Monday,0
2016-11-23,814,23,11,2016,4,Wednesday,0
2014-09-02,815,2,9,2014,3,Tuesday,0
2017-07-10,816,10,7,2017,3,Monday,0
2015-08-08,817,8,8,2015,3,Saturday,1
2017-12-14,818,14,12,2017,4,Thursday,0
2017-06-27,819,27,6,2017,2,Tuesday,0
2017-12-16,820,16,12,2017,4,Saturday,1
2015-05-07,821,7,5,2015,2,Thursday,0
2015-06-12,822,12,6,2015,2,Friday,0
2016-05-25,823,25,5,2016,2,Wednesday,0
2016-02-21,824,21,2,2016,1,Sunday,1
2016-10-02,825,2,10,2016,4,Sunday,1
2017-03-11,826,11,3,2017,1,Saturday,1
2014-05-17,827,17,5,2014,2,Saturday,1
2017-04-17,828,17,4,2017,2,Monday,0
2016-08-23,829,23,8,2016,3,Tuesday,0
2014-08-24,830,24,8,2014,3,Sunday,1
2016-03-24,831,24,3,2016,1,Thursday,0
2016-11-21,832,21,11,2016,4,Monday,0
2015-06-11,833,11,6,2015,2,Thursday,0
2017-10-06,834,6,10,2017,4,Friday,0
2015-08-28,835,28,8,2015,3,Friday,0
2016-01-03,836,3,1,2016,1,Sunday,1
2014-07-20,837,20,7,2014,3,Sunday,1
2017-05-27,838,27,5,2017,2,Saturday,1
2014-01-28,839,28,1,2014,1,Tuesday,0
2017-02-09,840,9,2,2017,1,Thursday,0
2016-03-03,841,3,3,2016,1,Thursday,0
2015-08-23,842,23,8,2015,3,Sunday,1
2017-04-27,843,27,4,2017,2,Thursday,0
2016-06-07,844,7,6,2016,2,Tuesday,0
2016-03-21,845,21,3,2016,1,Monday,0
2014-11-07,846,7,11,2014,4,Friday,0
2017-03-12,847,12,3,2017,1,Sunday,1
2017-07-22,848,22,7,2017,3,Saturday,1
2015-07-10,849,10,7,2015,3,Friday,0
2014-11-10,850,10,11,2014,4,Monday,0
2016-01-09,851,9,1,2016,1,Saturday,1
2014-12-23,852,23,12,2014,4,Tuesday,0
2014-10-02,853,2,10,2014,4,Thursday,0
2017-09-01,854,1,9,2017,3,Friday,0
2016-02-01,855,1,2,2016,1,Monday,0
2017-10-27,856,27,10,2017,4,Friday,0
2014-10-11,857,11,10,2014,4,Saturday,1
2014-05-22,858,22,5,2014,2,Thursday,0
2014-07-15,859,15,7,2014,3,Tuesday,0
2016-10-30,860,30,10,2016,4,Sunday,1
2014-08-15,861,15,8,2014,3,Friday,0
2015-09-11,862,11,9,2015,3,Friday,0
2015-07-23,863,23,7,2015,3,Thursday,0
2015-08-13,864,13,8,2015,3,Thursday,0
2016-08-17,865,17,8,2016,3,Wednesday,0
2014-09-23,866,23,9,2014,3,Tuesday,0
2014-07-19,867,19,7,2014,3,Saturday,1
2014-01-31,868,31,1,2014,1,Friday,0
2014-07-09,869,9,7,2014,3,Wednesday,0
2016-03-25,870,25,3,2016,1,Friday,0
2017-07-01,871,1,7,2017,3,Saturday,1
2014-11-21,872,21,11,2014,4,Friday,0
2015-10-17,873,17,10,2015,4,Saturday,1
2016-09-20,874,20,9,2016,3,Tuesday,0
2015-09-27,875,27,9,2015,3,Sunday,1
2016-07-29,876,29,7,2016,3,Friday,0
2016-08-06,877,6,8,2016,3,Saturday,1
2016-10-07,878,7,10,2016,4,Friday,0
2014-03-16,879,16,3,2014,1,Sunday,1
2015-03-01,880,1,3,2015,1,Sunday,1
2016-02-20,881,20,2,2016,1,Saturday,1
2016-11-25,882,25,11,2016,4,Friday,0
2016-12-14,883,14,12,2016,4,Wednesday,0
2014-08-31,884,31,8,2014,3,Sunday,1
2014-04-07,885,7,4,2014,2,Monday,0
2016-11-30,886,30,11,2016,4,Wednesday,0
2014-06-20,887,20,6,2014,2,Friday,0
2016-12-20,888,20,12,2016,4,Tuesday,0
2016-08-09,889,9,8,2016,3,Tuesday,0
2015-04-10,890,10,4,2015,2,Friday,0
2016-06-24,891,24,6,2016,2,Friday,0
2014-04-18,892,18,4,2014,2,Friday,0
2016-03-29,893,29,3,2016,1,Tuesday,0
2014-03-23,894,23,3,2014,1,Sunday,1
2016-07-03,895,3,7,2016,3,Sunday,1
2015-12-10,896,10,12,2015,4,Thursday,0
2016-11-29,897,29,11,2016,4,Tuesday,0
2016-09-22,898,22,9,2016,3,Thursday,0
2017-05-03,899,3,5,2017,2,Wednesday,0
2015-03-12,900,12,3,2015,1,Thursday,0
2016-06-13,901,13,6,2016,2,Monday,0
2015-12-05,902,5,12,2015,4,Saturday,1
2015-11-19,903,19,11,2015,4,Thursday,0
2017-11-22,904,22,11,2017,4,Wednesday,0
2017-03-06,905,6,3,2017,1,Monday,0
2016-02-29,906,29,2,2016,1,Monday,0
2017-02-25,907,25,2,2017,1,Saturday,1
2016-12-17,908,17,12,2016,4,Saturday,1
2014-08-06,909,6,8,2014,3,Wednesday,0
2014-04-11,910,11,4,2014,2,Friday,0
2015-05-03,911,3,5,2015,2,Sunday,1
2017-02-16,912,16,2,2017,1,Thursday,0
2014-11-16,913,16,11,2014,4,Sunday,1
2016-09-04,914,4,9,2016,3,Sunday,1
2015-02-27,915,27,2,2015,1,Friday,0
2014-01-27,916,27,1,2014,1,Monday,0
2017-03-05,917,5,3,2017,1,Sunday,1
2017-05-07,918,7,5,2017,2,Sunday,1
2014-04-08,919,8,4,2014,2,Tuesday,0
2014-10-28,920,28,10,2014,4,Tuesday,0
2017-11-25,921,25,11,2017,4,Saturday,1
2017-06-06,922,6,6,2017,2,Tuesday,0
2017-02-17,923,17,2,2017,1,Friday,0
2014-07-27,924,27,7,2014,3,Sunday,1
2015-10-23,925,23,10,2015,4,Friday,0
2015-06-15,926,15,6,2015,2,Monday,0
2017-01-29,927,29,1,2017,1,Sunday,1
2017-05-01,928,1,5,2017,2,Monday,0
2015-01-03,929,3,1,2015,1,Saturday,1
2017-06-05,930,5,6,2017,2,Monday,0
2017-07-18,931,18,7,2017,3,Tuesday,0
2016-06-28,932,28,6,2016,2,Tuesday,0
2015-06-01,933,1,6,2015,2,Monday,0
2015-02-22,934,22,2,2015,1,Sunday,1
2017-12-15,935,15,12,2017,4,Friday,0
2014-11-03,936,3,11,2014,4,Monday,0
2015-03-08,937,8,3,2015,1,Sunday,1
2015-12-22,938,22,12,2015,4,Tuesday,0
2017-08-11,939,11,8,2017,3,Friday,0
2016-12-12,940,12,12,2016,4,Monday,0
2017-11-15,941,15,11,2017,4,Wednesday,0
2017-05-16,942,16,5,2017,2,Tuesday,0
2015-05-02,943,2,5,2015,2,Saturday,1
2017-05-11,944,11,5,2017,2,Thursday,0
2017-07-27,945,27,7,2017,3,Thursday,0
2016-12-30,946,30,12,2016,4,Friday,0
2014-05-19,947,19,5,2014,2,Monday,0
2016-04-16,948,16,4,2016,2,Saturday,1
2015-03-14,949,14,3,2015,1,Saturday,1
2016-07-01,950,1,7,2016,3,Friday,0
2016-06-16,951,16,6,2016,2,Thursday,0
2015-07-08,952,8,7,2015,3,Wednesday,0
2014-05-05,953,5,5,2014,2,Monday,0
2014-11-30,954,30,11,2014,4,Sunday,1
2015-02-18,955,18,2,2015,1,Wednesday,0
2016-09-30,956,30,9,2016,3,Friday,0
2015-01-05,957,5,1,2015,1,Monday,0
2017-07-05,958,5,7,2017,3,Wednesday,0
2016-04-04,959,4,4,2016,2,Monday,0
2014-03-26,960,26,3,2014,1,Wednesday,0
2017-10-28,961,28,10,2017,4,Saturday,1
2015-05-17,962,17,5,2015,2,Sunday,1
2017-08-23,963,23,8,2017,3,Wednesday,0
2014-08-22,964,22,8,2014,3,Friday,0
2016-10-04,965,4,10,2016,4,Tuesday,0
2014-10-26,966,26,10,2014,4,Sunday,1
2015-02-14,967,14,2,2015,1,Saturday,1
2016-01-25,968,25,1,2016,1,Monday,0
2017-05-20,969,20,5,2017,2,Saturday,1
2015-10-25,970,25,10,2015,4,Sunday,1
2014-07-07,971,7,7,2014,3,Monday,0
2017-08-19,972,19,8,2017,3,Saturday,1
2015-11-17,973,17,11,2015,4,Tuesday,0
2016-05-03,974,3,5,2016,2,Tuesday,0
2015-06-19,975,19,6,2015,2,Friday,0
2016-07-04,976,4,7,2016,3,Monday,0
2015-08-07,977,7,8,2015,3,Friday,0
2014-03-24,978,24,3,2014,1,Monday,0
2017-06-18,979,18,6,2017,2,Sunday,1
2017-05-23,980,23,5,2017,2,Tuesday,0
2014-02-20,981,20,2,2014,1,Thursday,0
2014-11-02,982,2,11,2014,4,Sunday,1
2014-10-10,983,10,10,2014,4,Friday,0
2017-03-30,984,30,3,2017,1,Thursday,0
2015-07-12,985,12,7,2015,3,Sunday,1
2014-07-13,986,13,7,2014,3,Sunday,1
2017-09-26,987,26,9,2017,3,Tuesday,0
2014-04-19,988,19,4,2014,2,Saturday,1
2015-06-09,989,9,6,2015,2,Tuesday,0
2015-05-26,990,26,5,2015,2,Tuesday,0
2016-01-24,991,24,1,2016,1,Sunday,1
2015-08-02,992,2,8,2015,3,Sunday,1
2014-05-30,993,30,5,2014,2,Friday,0
2016-04-26,994,26,4,2016,2,Tuesday,0
2016-01-10,995,10,1,2016,1,Sunday,1
2016-07-31,996,31,7,2016,3,Sunday,1
2017-03-27,997,27,3,2017,1,Monday,0
2015-12-17,998,17,12,2015,4,Thursday,0
2015-10-10,999,10,10,2015,4,Saturday,1
2015-04-24,1000,24,4,2015,2,Friday,0
2015-03-09,1001,9,3,2015,1,Monday,0
2014-07-08,1002,8,7,2014,3,Tuesday,0
2017-07-13,1003,13,7,2017,3,Thursday,0
2015-04-07,1004,7,4,2015,2,Tuesday,0
2015-01-13,1005,13,1,2015,1,Tuesday,0
2014-10-14,1006,14,10,2014,4,Tuesday,0
2016-01-02,1007,2,1,2016,1,Saturday,1
2015-03-15,1008,15,3,2015,1,Sunday,1
2017-01-06,1009,6,1,2017,1,Friday,0
2014-03-07,1010,7,3,2014,1,Friday,0
2014-09-03,1011,3,9,2014,3,Wednesday,0
2016-01-31,1012,31,1,2016,1,Sunday,1
2016-05-24,1013,24,5,2016,2,Tuesday,0
2014-04-30,1014,30,4,2014,2,Wednesday,0
2015-09-08,1015,8,9,2015,3,Tuesday,0
2016-04-03,1016,3,4,2016,2,Sunday,1
2017-04-25,1017,25,4,2017,2,Tuesday,0
2014-04-20,1018,20,4,2014,2,Sunday,1
2017-08-04,1019,4,8,2017,3,Friday,0
2016-11-17,1020,17,11,2016,4,Thursday,0
2015-06-21,1021,21,6,2015,2,Sunday,1
2014-07-30,1022,30,7,2014,3,Wednesday,0
2016-05-27,1023,27,5,2016,2,Friday,0
2015-09-13,1024,13,9,2015,3,Sunday,1
2017-05-05,1025,5,5,2017,2,Friday,0
2014-05-10,1026,10,5,2014,2,Saturday,1
2015-01-12,1027,12,1,2015,1,Monday,0
2014-06-14,1028,14,6,2014,2,Saturday,1
2016-06-21,1029,21,6,2016,2,Tuesday,0
2017-08-22,1030,22,8,2017,3,Tuesday,0
2016-08-02,1031,2,8,2016,3,Tuesday,0
2015-05-21,1032,21,5,2015,2,Thursday,0
2017-01-03,1033,3,1,2017,1,Tuesday,0
2017-09-30,1034,30,9,2017,3,Saturday,1
2017-01-16,1035,16,1,2017,1,Monday,0
2014-12-07,1036,7,12,2014,4,Sunday,1
2016-08-21,1037,21,8,2016,3,Sunday,1
2014-01-06,1038,6,1,2014,1,Monday,0
2015-01-04,1039,4,1,2015,1,Sunday,1
2014-01-18,1040,18,1,2014,1,Saturday,1
2015-10-24,1041,24,10,2015,4,Saturday,1
2016-08-14,1042,14,8,2016,3,Sunday,1
2017-02-18,1043,18,2,2017,1,Saturday,1
2017-08-24,1044,24,8,2017,3,Thursday,0
2016-03-31,1045,31,3,2016,1,Thursday,0
2017-04-28,1046,28,4,2017,2,Friday,0
2014-01-19,1047,19,1,2014,1,Sunday,1
2014-02-14,1048,14,2,2014,1,Friday,0
2017-10-08,1049,8,10,2017,4,Sunday,1
2015-10-08,1050,8,10,2015,4,Thursday,0
2014-02-24,1051,24,2,2014,1,Monday,0
2015-05-30,1052,30,5,2015,2,Saturday,1
2015-03-31,1053,31,3,2015,1,Tuesday,0
2017-05-22,1054,22,5,2017,2,Monday,0
2016-12-19,1055,19,12,2016,4,Monday,0
2017-10-04,1056,4,10,2017,4,Wednesday,0
2016-02-02,1057,2,2,2016,1,Tuesday,0
2016-10-24,1058,24,10,2016,4,Monday,0
2014-02-11,1059,11,2,2014,1,Tuesday,0
2014-12-21,1060,21,12,2014,4,Sunday,1
2015-05-15,1061,15,5,2015,2,Friday,0
2014-05-28,1062,28,5,2014,2,Wednesday,0
2016-07-28,1063,28,7,2016,3,Thursday,0
2014-04-02,1064,2,4,2014,2,Wednesday,0
2014-07-28,1065,28,7,2014,3,Monday,0
2017-03-29,1066,29,3,2017,1,Wednesday,0
2016-02-03,1067,3,2,2016,1,Wednesday,0
2015-08-11,1068,11,8,2015,3,Tuesday,0
2014-11-08,1069,8,11,2014,4,Saturday,1
2015-02-25,1070,25,2,2015,1,Wednesday,0
2016-08-31,1071,31,8,2016,3,Wednesday,0
2014-08-20,1072,20,8,2014,3,Wednesday,0
2016-02-06,1073,6,2,2016,1,Saturday,1
2014-05-02,1074,2,5,2014,2,Friday,0
2015-07-18,1075,18,7,2015,3,Saturday,1
2015-03-27,1076,27,3,2015,1,Friday,0
2014-09-10,1077,10,9,2014,3,Wednesday,0
2015-08-05,1078,5,8,2015,3,Wednesday,0
2015-04-29,1079,29,4,2015,2,Wednesday,0
2014-10-16,1080,16,10,2014,4,Thursday,0
2016-07-19,1081,19,7,2016,3,Tuesday,0
2015-12-30,1082,30,12,2015,4,Wednesday,0
2014-10-05,1083,5,10,2014,4,Sunday,1
2015-04-19,1084,19,4,2015,2,Sunday,1
2016-02-04,1085,4,2,2016,1,Thursday,0
2016-06-15,1086,15,6,2016,2,Wednesday,0
2014-03-02,1087,2,3,2014,1,Sunday,1
2014-02-18,1088,18,2,2014,1,Tuesday,0
2017-09-20,1089,20,9,2017,3,Wednesday,0
2014-10-25,1090,25,10,2014,4,Saturday,1
2015-10-18,1091,18,10,2015,4,Sunday,1
2014-12-22,1092,22,12,2014,4,Monday,0
2016-08-03,1093,3,8,2016,3,Wednesday,0
2014-03-19,1094,19,3,2014,1,Wednesday,0
2014-08-02,1095,2,8,2014,3,Saturday,1
2017-04-04,1096,4,4,2017,2,Tuesday,0
2017-12-13,1097,13,12,2017,4,Wednesday,0
2015-07-27,1098,27,7,2015,3,Monday,0
2016-02-23,1099,23,2,2016,1,Tuesday,0
2016-10-06,1100,6,10,2016,4,Thursday,0
2015-04-22,1101,22,4,2015,2,Wednesday,0
2014-09-16,1102,16,9,2014,3,Tuesday,0
2014-09-11,1103,11,9,2014,3,Thursday,0
2014-06-17,1104,17,6,2014,2,Tuesday,0
2015-10-29,1105,29,10,2015,4,Thursday,0
2015-03-07,1106,7,3,2015,1,Saturday,1
2014-01-30,1107,30,1,2014,1,Thursday,0
2015-02-07,1108,7,2,2015,1,Saturday,1
2017-10-31,1109,31,10,2017,4,Tuesday,0
2017-05-30,1110,30,5,2017,2,Tuesday,0
2015-03-30,1111,30,3,2015,1,Monday,0
2015-08-29,1112,29,8,2015,3,Saturday,1
2014-01-14,1113,14,1,2014,1,Tuesday,0
2015-03-21,1114,21,3,2015,1,Saturday,1
2014-09-15,1115,15,9,2014,3,Monday,0
2015-07-24,1116,24,7,2015,3,Friday,0
2014-02-23,1117,23,2,2014,1,Sunday,1
2015-06-05,1118,5,6,2015,2,Friday,0
2014-05-07,1119,7,5,2014,2,Wednesday,0
2017-02-05,1120,5,2,2017,1,Sunday,1
2016-05-10,1121,10,5,2016,2,Tuesday,0
2016-08-07,1122,7,8,2016,3,Sunday,1
2015-04-21,1123,21,4,2015,2,Tuesday,0
2017-01-13,1124,13,1,2017,1,Friday,0
2014-09-06,1125,6,9,2014,3,Saturday,1
2015-01-19,1126,19,1,2015,1,Monday,0
2017-05-25,1127,25,5,2017,2,Thursday,0
2014-11-05,1128,5,11,2014,4,Wednesday,0
2015-05-20,1129,20,5,2015,2,Wednesday,0
2014-07-04,1130,4,7,2014,3,Friday,0
2015-02-16,1131,16,2,2015,1,Monday,0
2016-07-24,1132,24,7,2016,3,Sunday,1
2014-08-12,1133,12,8,2014,3,Tuesday,0
2016-06-18,1134,18,6,2016,2,Saturday,1
2016-01-08,1135,8,1,2016,1,Friday,0
2015-12-16,1136,16,12,2015,4,Wednesday,0
2014-10-17,1137,17,10,2014,4,Friday,0
2015-05-24,1138,24,5,2015,2,Sunday,1
2017-07-24,1139,24,7,2017,3,Monday,0
2017-12-06,1140,6,12,2017,4,Wednesday,0
2015-10-16,1141,16,10,2015,4,Friday,0
2015-06-28,1142,28,6,2015,2,Sunday,1
2016-09-16,1143,16,9,2016,3,Friday,0
2017-05-26,1144,26,5,2017,2,Friday,0
2017-02-04,1145,4,2,2017,1,Saturday,1
2015-01-09,1146,9,1,2015,1,Friday,0
2016-08-19,1147,19,8,2016,3,Friday,0
2016-08-01,1148,1,8,2016,3,Monday,0
2014-10-09,1149,9,10,2014,4,Thursday,0
2015-05-13,1150,13,5,2015,2,Wednesday,0
2014-04-22,1151,22,4,2014,2,Tuesday,0
2016-02-12,1152,12,2,2016,1,Friday,0
2017-01-09,1153,9,1,2017,1,Monday,0
2017-08-16,1154,16,8,2017,3,Wednesday,0
2016-01-14,1155,14,1,2016,1,Thursday,0
2016-10-10,1156,10,10,2016,4,Monday,0
2016-01-23,1157,23,1,2016,1,Saturday,1
2015-02-10,1158,10,2,2015,1,Tuesday,0
2014-03-29,1159,29,3,2014,1,Saturday,1
2016-10-16,1160,16,10,2016,4,Sunday,1
2016-09-13,1161,13,9,2016,3,Tuesday,0
2017-11-29,1162,29,11,2017,4,Wednesday,0
2014-02-15,1163,15,2,2014,1,Saturday,1
2017-07-14,1164,14,7,2017,3,Friday,0
2014-11-20,1165,20,11,2014,4,Thursday,0
2014-02-22,1166,22,2,2014,1,Saturday,1
2014-04-15,1167,15,4,2014,2,Tuesday,0
2014-01-07,1168,7,1,2014,1,Tuesday,0
2017-09-13,1169,13,9,2017,3,Wednesday,0
2014-10-08,1170,8,10,2014,4,Wednesday,0
2017-07-02,1171,2,7,2017,3,Sunday,1
2015-01-06,1172,6,1,2015,1,Tuesday,0
2016-04-13,1173,13,4,2016,2,Wednesday,0
2016-02-14,1174,14,2,2016,1,Sunday,1
2014-05-16,1175,16,5,2014,2,Friday,0
2015-01-24,1176,24,1,2015,1,Saturday,1
2014-03-28,1177,28,3,2014,1,Friday,0
2015-07-14,1178,14,7,2015,3,Tuesday,0
2014-05-31,1179,31,5,2014,2,Saturday,1
2014-01-03,1180,3,1,2014,1,Friday,0
2016-07-20,1181,20,7,2016,3,Wednesday,0
2015-09-20,1182,20,9,2015,3,Sunday,1
2015-10-20,1183,20,10,2015,4,Tuesday,0
2017-11-08,1184,8,11,2017,4,Wednesday,0
2015-05-22,1185,22,5,2015,2,Friday,0
2016-03-09,1186,9,3,2016,1,Wednesday,0
2016-06-30,1187,30,6,2016,2,Thursday,0
2015-05-10,1188,10,5,2015,2,Sunday,1
2017-05-09,1189,9,5,2017,2,Tuesday,0
2017-07-26,1190,26,7,2017,3,Wednesday,0
2016-08-11,1191,11,8,2016,3,Thursday,0
2017-04-06,1192,6,4,2017,2,Thursday,0
2017-03-14,1193,14,3,2017,1,Tuesday,0
2016-03-06,1194,6,3,2016,1,Sunday,1
2014-08-30,1195,30,8,2014,3,Saturday,1
2014-03-05,1196,5,3,2014,1,Wednesday,0
2016-03-27,1197,27,3,2016,1,Sunday,1
2016-04-02,1198,2,4,2016,2,Saturday,1
2016-01-28,1199,28,1,2016,1,Thursday,0
2016-11-09,1200,9,11,2016,4,Wednesday,0
2017-10-24,1201,24,10,2017,4,Tuesday,0
2014-10-01,1202,1,10,2014,4,Wednesday,0
2015-02-23,1203,23,2,2015,1,Monday,0
2016-04-06,1204,6,4,2016,2,Wednesday,0
2014-05-08,1205,8,5,2014,2,Thursday,0
2016-02-09,1206,9,2,2016,1,Tuesday,0
2016-05-31,1207,31,5,2016,2,Tuesday,0
2015-01-26,1208,26,1,2015,1,Monday,0
2017-10-10,1209,10,10,2017,4,Tuesday,0
2017-07-12,1210,12,7,2017,3,Wednesday,0
2015-05-18,1211,18,5,2015,2,Monday,0
2016-02-28,1212,28,2,2016,1,Sunday,1
2014-01-23,1213,23,1,2014,1,Thursday,0
2015-06-08,1214,8,6,2015,2,Monday,0
2014-02-08,1215,8,2,2014,1,Saturday,1
2015-11-11,1216,11,11,2015,4,Wednesday,0
2017-02-21,1217,21,2,2017,1,Tuesday,0
2015-09-16,1218,16,9,2015,3,Wednesday,0
2014-06-24,1219,24,6,2014,2,Tuesday,0
2014-10-27,1220,27,10,2014,4,Monday,0
2014-02-27,1221,27,2,2014,1,Thursday,0
2016-08-05,1222,5,8,2016,3,Friday,0
2014-02-17,1223,17,2,2014,1,Monday,0
2015-05-11,1224,11,5,2015,2,Monday,0
2015-04-14,1225,14,4,2015,2,Tuesday,0
2015-01-28,1226,28,1,2015,1,Wednesday,0
2014-06-10,1227,10,6,2014,2,Tuesday,0
2016-10-11,1228,11,10,2016,4,Tuesday,0
2014-06-18,1229,18,6,2014,2,Wednesday,0
2017-02-28,1230,28,2,2017,1,Tuesday,0
2015-05-09,1231,9,5,2015,2,Saturday,1
2014-11-06,1232,6,11,2014,4,Thursday,0
2015-12-29,1233,29,12,2015,4,Tuesday,0
2014-04-03,1234,3,4,2014,2,Thursday,0
2016-06-03,1235,3,6,2016,2,Friday,0
2015-04-12,1236,12,4,2015,2,Sunday,1
2014-01-21,1237,21,1,2014,1,Tuesday,0
2014-05-15,1238,15,5,2014,2,Thursday,0
2015-09-30,1239,30,9,2015,3,Wednesday,0
2016-01-20,1240,20,1,2016,1,Wednesday,0
2015-05-05,1241,5,5,2015,2,Tuesday,0
2015-02-05,1242,5,2,2015,1,Thursday,0
2016-10-19,1243,19,10,2016,4,Wednesday,0
2016-09-07,1244,7,9,2016,3,Wednesday,0
2016-03-16,1245,16,3,2016,1,Wednesday,0
2015-06-02,1246,2,6,2015,2,Tuesday,0
2015-06-03,1247,3,6,2015,2,Wednesday,0
2014-03-06,1248,6,3,2014,1,Thursday,0
2015-10-14,1249,14,10,2015,4,Wednesday,0
2017-06-07,1250,7,6,2017,2,Wednesday,0
2015-02-13,1251,13,2,2015,1,Friday,0
2015-03-04,1252,4,3,2015,1,Wednesday,0
2018-01-02,1253,2,1,2018,1,Tuesday,0
2016-04-27,1254,27,4,2016,2,Wednesday,0
2016-04-29,1255,29,4,2016,2,Friday,0
2014-07-17,1256,17,7,2014,3,Thursday,0
2014-04-17,1257,17,4,2014,2,Thursday,0
2015-12-02,1258,2,12,2015,4,Wednesday,0
2015-11-04,1259,4,11,2015,4,Wednesday,0
2017-12-12,1260,12,12,2017,4,Tuesday,0
2017-06-28,1261,28,6,2017,2,Wednesday,0
2014-12-25,1262,25,12,2014,4,Thursday,0
2016-11-02,1263,2,11,2016,4,Wednesday,0
2017-01-25,1264,25,1,2017,1,Wednesday,0
2016-06-01,1265,1,6,2016,2,Wednesday,0
2014-09-18,1266,18,9,2014,3,Thursday,0
2018-01-04,1267,4,1,2018,1,Thursday,0
2018-01-05,1268,5,1,2018,1,Friday,0
2017-06-23,1269,23,6,2017,2,Friday,0
2017-05-24,1270,24,5,2017,2,Wednesday,0
2016-02-18,1271,18,2,2016,1,Thursday,0
2014-01-08,1272,8,1,2014,1,Wednesday,0
2015-10-06,1273,6,10,2015,4,Tuesday,0
2015-06-30,1274,30,6,2015,2,Tuesday,0
2016-07-27,1275,27,7,2016,3,Wednesday,0
2016-02-24,1276,24,2,2016,1,Wednesday,0
2014-04-10,1277,10,4,2014,2,Thursday,0
2018-01-03,1278,3,1,2018,1,Wednesday,0
2015-04-15,1279,15,4,2015,2,Wednesday,0
2017-09-06,1280,6,9,2017,3,Wednesday,0
2015-07-28,1281,28,7,2015,3,Tuesday,0
2018-01-01,1282,1,1,2018,1,Monday,0
2017-01-10,1283,10,1,2017,1,Tuesday,0
2016-01-13,1284,13,1,2016,1,Wednesday,0
2015-04-08,1285,8,4,2015,2,Wednesday,0
2015-07-29,1286,29,7,2015,3,Wednesday,0
2016-12-07,1287,7,12,2016,4,Wednesday,0
2017-07-04,1288,4,7,2017,3,Tuesday,0
2014-03-08,1289,8,3,2014,1,Saturday,1
2014-07-16,1290,16,7,2014,3,Wednesday,0
2016-12-28,1291,28,12,2016,4,Wednesday,0
2017-09-27,1292,27,9,2017,3,Wednesday,0
2015-10-07,1293,7,10,2015,4,Wednesday,0
2017-02-08,1294,8,2,2017,1,Wednesday,0
2017-10-18,1295,18,10,2017,4,Wednesday,0
2017-01-04,1296,4,1,2017,1,Wednesday,0
2017-10-25,1297,25,10,2017,4,Wednesday,0
2016-07-13,1298,13,7,2016,3,Wednesday,0
2017-01-31,1299,31,1,2017,1,Tuesday,0
2017-08-08,1300,8,8,2017,3,Tuesday,0
2014-04-24,1301,24,4,2014,2,Thursday,0
2014-08-14,1302,14,8,2014,3,Thursday,0
2017-02-14,1303,14,2,2017,1,Tuesday,0
2016-06-22,1304,22,6,2016,2,Wednesday,0
2015-03-18,1305,18,3,2015,1,Wednesday,0
2014-04-09,1306,9,4,2014,2,Wednesday,0
2015-03-25,1307,25,3,2015,1,Wednesday,0
2014-12-18,1308,18,12,2014,4,Thursday,0
2015-08-12,1309,12,8,2015,3,Wednesday,0
2016-05-13,1310,13,5,2016,2,Friday,0
2015-09-29,1311,29,9,2015,3,Tuesday,0
2015-01-15,1312,15,1,2015,1,Thursday,0
2015-07-15,1313,15,7,2015,3,Wednesday,0
2015-02-04,1314,4,2,2015,1,Wednesday,0
2016-05-04,1315,4,5,2016,2,Wednesday,0
2015-09-09,1316,9,9,2015,3,Wednesday,0
2014-01-12,1317,12,1,2014,1,Sunday,1
2015-02-19,1318,19,2,2015,1,Thursday,0
2017-08-30,1319,30,8,2017,3,Wednesday,0
2016-07-11,1320,11,7,2016,3,Monday,0
2016-08-10,1321,10,8,2016,3,Wednesday,0
2014-06-11,1322,11,6,2014,2,Wednesday,0
2014-05-29,1323,29,5,2014,2,Thursday,0
2015-02-11,1324,11,2,2015,1,Wednesday,0
2017-08-02,1325,2,8,2017,3,Wednesday,0
2017-01-17,1326,17,1,2017,1,Tuesday,0
2017-04-18,1327,18,4,2017,2,Tuesday,0
2015-07-01,1328,1,7,2015,3,Wednesday,0
2014-01-17,1329,17,1,2014,1,Friday,0
2015-05-27,1330,27,5,2015,2,Wednesday,0
2014-02-09,1331,9,2,2014,1,Sunday,1
2016-09-21,1332,21,9,2016,3,Wednesday,0
2017-03-01,1333,1,3,2017,1,Wednesday,0
2017-07-19,1334,19,7,2017,3,Wednesday,0
2017-04-05,1335,5,4,2017,2,Wednesday,0
2016-01-12,1336,12,1,2016,1,Tuesday,0
2015-08-03,1337,3,8,2015,3,Monday,0
2015-08-26,1338,26,8,2015,3,Wednesday,0
2016-10-05,1339,5,10,2016,4,Wednesday,0
2015-03-11,1340,11,3,2015,1,Wednesday,0
2017-01-11,1341,11,1,2017,1,Wednesday,0
2015-09-02,1342,2,9,2015,3,Wednesday,0
2014-08-21,1343,21,8,2014,3,Thursday,0
2016-03-23,1344,23,3,2016,1,Wednesday,0
2017-10-11,1345,11,10,2017,4,Wednesday,0
2017-03-22,1346,22,3,2017,1,Wednesday,0
2017-12-31,1347,31,12,2017,4,Sunday,1
2015-01-29,1348,29,1,2015,1,Thursday,0
2017-05-17,1349,17,5,2017,2,Wednesday,0
2015-08-19,1350,19,8,2015,3,Wednesday,0
2015-08-30,1351,30,8,2015,3,Sunday,1
2017-01-18,1352,18,1,2017,1,Wednesday,0
2015-09-23,1353,23,9,2015,3,Wednesday,0
2015-11-18,1354,18,11,2015,4,Wednesday,0
2017-01-05,1355,5,1,2017,1,Thursday,0
2016-01-19,1356,19,1,2016,1,Tuesday,0
2014-02-25,1357,25,2,2014,1,Tuesday,0
2014-05-01,1358,1,5,2014,2,Thursday,0
2016-08-24,1359,24,8,2016,3,Wednesday,0
2015-06-17,1360,17,6,2015,2,Wednesday,0
2014-12-11,1361,11,12,2014,4,Thursday,0
2016-02-26,1362,26,2,2016,1,Friday,0
2014-07-24,1363,24,7,2014,3,Thursday,0
2017-04-19,1364,19,4,2017,2,Wednesday,0
2014-07-03,1365,3,7,2014,3,Thursday,0
2016-01-01,1366,1,1,2016,1,Friday,0
2014-09-04,1367,4,9,2014,3,Thursday,0
2015-08-14,1368,14,8,2015,3,Friday,0
2014-08-18,1369,18,8,2014,3,Monday,0
2015-01-01,1370,1,1,2015,1,Thursday,0
2015-08-20,1371,20,8,2015,3,Thursday,0
2014-08-13,1372,13,8,2014,3,Wednesday,0
2014-04-27,1373,27,4,2014,2,Sunday,1
2016-10-26,1374,26,10,2016,4,Wednesday,0
2016-07-06,1375,6,7,2016,3,Wednesday,0
2016-12-21,1376,21,12,2016,4,Wednesday,0
2014-06-12,1377,12,6,2014,2,Thursday,0
2017-02-22,1378,22,2,2017,1,Wednesday,0
2014-07-29,1379,29,7,2014,3,Tuesday,0
2015-10-27,1380,27,10,2015,4,Tuesday,0
2015-01-08,1381,8,1,2015,1,Thursday,0
2015-02-24,1382,24,2,2015,1,Tuesday,0
2014-06-26,1383,26,6,2014,2,Thursday,0
2015-04-23,1384,23,4,2015,2,Thursday,0
2016-04-20,1385,20,4,2016,2,Wednesday,0
2014-10-30,1386,30,10,2014,4,Thursday,0
2016-01-27,1387,27,1,2016,1,Wednesday,0
2014-03-09,1388,9,3,2014,1,Sunday,1
2016-07-26,1389,26,7,2016,3,Tuesday,0
2017-06-14,1390,14,6,2017,2,Wednesday,0
2014-02-26,1391,26,2,2014,1,Wednesday,0
2016-01-26,1392,26,1,2016,1,Tuesday,0
2014-06-05,1393,5,6,2014,2,Thursday,0
2014-07-10,1394,10,7,2014,3,Thursday,0
2017-02-01,1395,1,2,2017,1,Wednesday,0
2017-03-15,1396,15,3,2017,1,Wednesday,0
2016-10-12,1397,12,10,2016,4,Wednesday,0
2015-06-27,1398,27,6,2015,2,Saturday,1
2017-02-07,1399,7,2,2017,1,Tuesday,0
2015-01-18,1400,18,1,2015,1,Sunday,1
2015-01-22,1401,22,1,2015,1,Thursday,0
2017-05-31,1402,31,5,2017,2,Wednesday,0
2014-02-19,1403,19,2,2014,1,Wednesday,0
2014-01-25,1404,25,1,2014,1,Saturday,1
2016-02-10,1405,10,2,2016,1,Wednesday,0
2015-04-03,1406,3,4,2015,2,Friday,0
2015-07-22,1407,22,7,2015,3,Wednesday,0
2014-08-07,1408,7,8,2014,3,Thursday,0
2014-11-13,1409,13,11,2014,4,Thursday,0
2016-04-11,1410,11,4,2016,2,Monday,0
2016-01-29,1411,29,1,2016,1,Friday,0
2017-05-10,1412,10,5,2017,2,Wednesday,0
2015-05-06,1413,6,5,2015,2,Wednesday,0
2014-10-23,1414,23,10,2014,4,Thursday,0
2015-06-10,1415,10,6,2015,2,Wednesday,0
2017-08-09,1416,9,8,2017,3,Wednesday,0
2017-02-27,1417,27,2,2017,1,Monday,0
2014-03-13,1418,13,3,2014,1,Thursday,0
2017-02-12,1419,12,2,2017,1,Sunday,1
2015-07-21,1420,21,7,2015,3,Tuesday,0
2015-05-19,1421,19,5,2015,2,Tuesday,0
2015-01-07,1422,7,1,2015,1,Wednesday,0
2015-06-24,1423,24,6,2015,2,Wednesday,0
2016-03-02,1424,2,3,2016,1,Wednesday,0
2014-03-20,1425,20,3,2014,1,Thursday,0
2014-01-29,1426,29,1,2014,1,Wednesday,0
2017-02-15,1427,15,2,2017,1,Wednesday,0
2015-03-03,1428,3,3,2015,1,Tuesday,0
2014-08-28,1429,28,8,2014,3,Thursday,0
2014-02-10,1430,10,2,2014,1,Monday,0
2015-02-01,1431,1,2,2015,1,Sunday,1
2014-08-10,1432,10,8,2014,3,Sunday,1
2014-03-12,1433,12,3,2014,1,Wednesday,0
2016-08-25,1434,25,8,2016,3,Thursday,0
